start_indices,desitnation_indices,start_loc,end_loc,cost,truth
"(45, 442)","(78, 162)","57.625,-2.316666666666667","57.35,-4.65",253.93318,163.35
"(78, 162)","(486, 595)","57.35,-4.65","53.95,-1.041666666666667",568.9786,436.43333333333334
"(486, 595)","(332, 314)","53.95,-1.041666666666667","55.233333333333334,-3.3833333333333333",251.23888,175.95
"(332, 314)","(243, 390)","55.233333333333334,-3.3833333333333333","55.975,-2.75",132.50687,105.83333333333333
"(243, 390)","(450, 380)","55.975,-2.75","54.25,-2.8333333333333335",202.09546,187.48333333333332
"(450, 380)","(318, 385)","54.25,-2.8333333333333335","55.35,-2.7916666666666665",136.05331,131.56666666666666
"(318, 385)","(269, 339)","55.35,-2.7916666666666665","55.75833333333333,-3.175",85.56391,84.85
"(269, 339)","(144, 342)","55.75833333333333,-3.175","56.8,-3.15",140.73463,142.43333333333334
"(144, 342)","(44, 419)","56.8,-3.15","57.63333333333333,-2.5083333333333333",180.47311,136.5
"(57, 499)","(316, 32)","57.525,-1.8416666666666668","55.36666666666667,-5.733333333333333",521.5209350585938,372.31666666666666
"(316, 32)","(86, 477)","55.36666666666667,-5.733333333333333","57.28333333333333,-2.025",485.54833984375,346.45
"(86, 477)","(323, 281)","57.28333333333333,-2.025","55.30833333333334,-3.658333333333333",308.8517150878906,229.78333333333333
"(323, 281)","(193, 205)","55.30833333333334,-3.658333333333333","56.391666666666666,-4.291666666666667",147.08299255371094,128.41666666666666
"(193, 205)","(132, 21)","56.391666666666666,-4.291666666666667","56.9,-5.825",192.14817810058594,143.23333333333332
"(132, 21)","(60, 264)","56.9,-5.825","57.5,-3.8",223.714599609375,167.11666666666667
"(60, 264)","(362, 372)","57.5,-3.8","54.983333333333334,-2.9",370.2321472167969,271.31666666666666
"(362, 372)","(170, 189)","54.983333333333334,-2.9","56.583333333333336,-4.425",245.9996795654297,210.48333333333332
"(170, 189)","(458, 345)","56.583333333333336,-4.425","54.18333333333334,-3.125",333.37005615234375,288.76666666666665
"(458, 345)","(146, 372)","54.18333333333334,-3.125","56.78333333333333,-2.9",349.59637451171875,289.53333333333336
"(146, 372)","(421, 649)","56.78333333333333,-2.9","54.49166666666667,-0.5916666666666668",443.2297668457031,335.6166666666667
"(421, 649)","(310, 201)","54.49166666666667,-0.5916666666666668","55.416666666666664,-4.325",387.7341003417969,264.68333333333334
"(310, 201)","(372, 398)","55.416666666666664,-4.325","54.9,-2.6833333333333336",172.69696044921875,131.86666666666667
"(372, 398)","(458, 572)","54.9,-2.6833333333333336","54.18333333333334,-1.2333333333333334",177.67669677734375,133.28333333333333
"(458, 572)","(232, 300)","54.18333333333334,-1.2333333333333334","56.06666666666667,-3.5",308.3756408691406,231.16666666666666
"(232, 300)","(43, 194)","56.06666666666667,-3.5","57.641666666666666,-4.383333333333333",270.96002197265625,182.03333333333333
"(43, 194)","(280, 340)","57.641666666666666,-4.383333333333333","55.666666666666664,-3.1666666666666665",318.8772277832031,234.06666666666666
"(280, 340)","(336, 183)","55.666666666666664,-3.1666666666666665","55.2,-4.475",178.1180877685547,158.0
"(336, 183)","(36, 144)","55.2,-4.475","57.7,-4.8",390.7760314941406,313.15
"(36, 144)","(396, 387)","57.7,-4.8","54.7,-2.775",452.7596435546875,320.6
"(396, 387)","(495, 662)","54.7,-2.775","53.875,-0.4833333333333334",239.58644104003906,158.55
"(495, 662)","(354, 319)","53.875,-0.4833333333333334","55.05,-3.341666666666667",296.6007385253906,198.38333333333333
"(354, 319)","(426, 590)","55.05,-3.341666666666667","54.45,-1.083333333333333",231.8700714111328,154.28333333333333
"(426, 590)","(130, 440)","54.45,-1.083333333333333","56.916666666666664,-2.3333333333333335",443.7106018066406,310.73333333333335
"(130, 440)","(376, 405)","56.916666666666664,-2.3333333333333335","54.86666666666667,-2.625",336.5279235839844,234.43333333333334
"(376, 405)","(494, 363)","54.86666666666667,-2.625","53.88333333333333,-2.975",117.47472381591797,118.1
"(494, 363)","(116, 262)","53.88333333333333,-2.975","57.03333333333333,-3.816666666666667",448.3768615722656,349.46666666666664
"(116, 262)","(256, 101)","57.03333333333333,-3.816666666666667","55.86666666666667,-5.158333333333333",292.999267578125,279.25
"(256, 101)","(267, 293)","55.86666666666667,-5.158333333333333","55.775,-3.5583333333333336",195.96067810058594,165.43333333333334
"(267, 293)","(15, 231)","55.775,-3.5583333333333336","57.875,-4.075",337.30615234375,240.88333333333333
"(15, 231)","(192, 6)","57.875,-4.075","56.4,-5.95",inf,297.96666666666664
"(192, 6)","(73, 395)","56.4,-5.95","57.391666666666666,-2.7083333333333335",inf,315.21666666666664
"(73, 395)","(40, 469)","57.391666666666666,-2.7083333333333335","57.666666666666664,-2.091666666666667",85.24103546142578,57.71666666666667
"(40, 469)","(152, 396)","57.666666666666664,-2.091666666666667","56.733333333333334,-2.7",139.69480895996094,95.61666666666666
"(152, 396)","(374, 179)","56.733333333333334,-2.7","54.88333333333333,-4.508333333333333",308.6281433105469,237.68333333333334
"(374, 179)","(202, 268)","54.88333333333333,-4.508333333333333","56.31666666666667,-3.7666666666666666",199.3446044921875,177.56666666666666
"(202, 268)","(152, 292)","56.31666666666667,-3.7666666666666666","56.733333333333334,-3.566666666666667",75.56124114990234,74.91666666666667
"(152, 292)","(494, 583)","56.733333333333334,-3.566666666666667","53.88333333333333,-1.1416666666666666",406.9527282714844,324.48333333333335
"(494, 583)","(169, 382)","53.88333333333333,-1.1416666666666666","56.59166666666667,-2.816666666666667",412.0621032714844,317.0
"(169, 382)","(116, 438)","56.59166666666667,-2.816666666666667","57.03333333333333,-2.35",80.28055572509766,70.36666666666666
"(116, 438)","(132, 203)","57.03333333333333,-2.35","56.9,-4.308333333333334",245.01869201660156,166.05
"(132, 203)","(84, 216)","56.9,-4.308333333333334","57.3,-4.2",117.1109848022461,91.8
"(84, 216)","(307, 436)","57.3,-4.2","55.44166666666667,-2.3666666666666667",372.6271057128906,269.96666666666664
"(307, 436)","(492, 374)","55.44166666666667,-2.3666666666666667","53.9,-2.8833333333333333",209.9088134765625,176.21666666666667
"(492, 374)","(342, 324)","53.9,-2.8833333333333333","55.15,-3.3",139.2984619140625,116.18333333333334
"(342, 324)","(353, 498)","55.15,-3.3","55.05833333333334,-1.8499999999999996",148.98068237304688,98.33333333333333
"(353, 498)","(494, 439)","55.05833333333334,-1.8499999999999996","53.88333333333333,-2.341666666666667",181.06817626953125,158.91666666666666
"(494, 439)","(309, 184)","53.88333333333333,-2.341666666666667","55.425,-4.466666666666667",283.8506774902344,224.9
"(309, 184)","(409, 297)","55.425,-4.466666666666667","54.59166666666667,-3.525",225.2534942626953,169.55
"(409, 297)","(99, 466)","54.59166666666667,-3.525","57.175,-2.1166666666666667",398.9963684082031,296.85
"(99, 466)","(93, 262)","57.175,-2.1166666666666667","57.225,-3.816666666666667",183.41671752929688,121.83333333333333
"(93, 262)","(270, 395)","57.225,-3.816666666666667","55.75,-2.7083333333333335",268.12628173828125,178.38333333333333
"(270, 395)","(434, 462)","55.75,-2.7083333333333335","54.38333333333333,-2.15",198.7493896484375,194.16666666666666
"(434, 462)","(88, 278)","54.38333333333333,-2.15","57.266666666666666,-3.6833333333333336",437.3287658691406,330.25
"(88, 278)","(302, 504)","57.266666666666666,-3.6833333333333336","55.483333333333334,-1.7999999999999998",385.8807067871094,252.25
"(302, 504)","(460, 575)","55.483333333333334,-1.7999999999999998","54.166666666666664,-1.208333333333333",159.57196044921875,121.91666666666667
"(460, 575)","(118, 81)","54.166666666666664,-1.208333333333333","57.016666666666666,-5.325",552.6238403320312,434.98333333333335
"(118, 81)","(257, 311)","57.016666666666666,-5.325","55.858333333333334,-3.408333333333333",292.3486633300781,241.18333333333334
"(257, 311)","(449, 548)","55.858333333333334,-3.408333333333333","54.25833333333333,-1.4333333333333336",279.6795349121094,208.86666666666667
"(449, 548)","(94, 339)","54.25833333333333,-1.4333333333333336","57.21666666666667,-3.175",441.9892883300781,375.26666666666665
"(94, 339)","(39, 306)","57.21666666666667,-3.175","57.675,-3.45",92.62483215332031,102.36666666666666
"(39, 306)","(174, 327)","57.675,-3.45","56.55,-3.275",177.54656982421875,161.91666666666666
"(174, 327)","(31, 217)","56.55,-3.275","57.74166666666667,-4.191666666666666",247.97052001953125,163.16666666666666
"(31, 217)","(120, 205)","57.74166666666667,-4.191666666666666","57.0,-4.291666666666667",140.99452209472656,107.86666666666666
"(120, 205)","(94, 443)","57.0,-4.291666666666667","57.21666666666667,-2.3083333333333336",216.7255096435547,158.71666666666667
"(94, 443)","(434, 524)","57.21666666666667,-2.3083333333333336","54.38333333333333,-1.6333333333333337",450.5416259765625,328.1166666666667
"(434, 524)","(358, 510)","54.38333333333333,-1.6333333333333337","55.016666666666666,-1.75",70.09103393554688,60.166666666666664
"(358, 510)","(73, 56)","55.016666666666666,-1.75","57.391666666666666,-5.533333333333333",525.5899658203125,384.01666666666665
"(73, 56)","(423, 580)","57.391666666666666,-5.533333333333333","54.475,-1.166666666666667",605.030029296875,439.7
"(423, 580)","(438, 657)","54.475,-1.166666666666667","54.35,-0.5250000000000004",76.72859954833984,59.666666666666664
"(438, 657)","(248, 249)","54.35,-0.5250000000000004","55.93333333333334,-3.925",380.7140197753906,280.0
"(248, 249)","(319, 304)","55.93333333333334,-3.925","55.34166666666667,-3.466666666666667",72.73686218261719,79.88333333333334
"(319, 304)","(447, 377)","55.34166666666667,-3.466666666666667","54.275,-2.8583333333333334",128.77362060546875,106.36666666666666
"(447, 377)","(286, 449)","54.275,-2.8583333333333334","55.61666666666667,-2.2583333333333333",202.86517333984375,165.86666666666667
"(286, 449)","(105, 474)","55.61666666666667,-2.2583333333333333","57.125,-2.0500000000000003",324.4134521484375,209.43333333333334
"(105, 474)","(209, 217)","57.125,-2.0500000000000003","56.25833333333333,-4.191666666666666",244.14279174804688,147.3
"(209, 217)","(256, 426)","56.25833333333333,-4.191666666666666","55.86666666666667,-2.45",176.1608123779297,125.33333333333333
"(256, 426)","(74, 489)","55.86666666666667,-2.45","57.38333333333333,-1.9249999999999998",333.3402404785156,220.18333333333334
"(74, 489)","(464, 674)","57.38333333333333,-1.9249999999999998","54.13333333333333,-0.38333333333333375",603.645751953125,427.46666666666664
"(464, 674)","(324, 474)","54.13333333333333,-0.38333333333333375","55.3,-2.0500000000000003",233.91952514648438,188.8
"(324, 474)","(491, 525)","55.3,-2.0500000000000003","53.90833333333333,-1.625",173.2390594482422,147.58333333333334
"(491, 525)","(266, 335)","53.90833333333333,-1.625","55.78333333333333,-3.2083333333333335",290.5819396972656,222.58333333333334
"(266, 335)","(329, 200)","55.78333333333333,-3.2083333333333335","55.25833333333333,-4.333333333333333",150.279052734375,117.73333333333333
"(329, 200)","(475, 502)","55.25833333333333,-4.333333333333333","54.041666666666664,-1.8166666666666664",311.5787048339844,223.6
"(475, 502)","(321, 514)","54.041666666666664,-1.8166666666666664","55.325,-1.7166666666666668",151.62054443359375,130.85
"(321, 514)","(79, 298)","55.325,-1.7166666666666668","57.34166666666667,-3.5166666666666666",388.8910217285156,267.65
"(79, 298)","(327, 412)","57.34166666666667,-3.5166666666666666","55.275,-2.566666666666667",332.152587890625,281.6166666666667
"(327, 412)","(392, 384)","55.275,-2.566666666666667","54.733333333333334,-2.8",92.01625061035156,86.9
"(392, 384)","(402, 467)","54.733333333333334,-2.8","54.65,-2.1083333333333334",84.82095336914062,62.06666666666667
"(402, 467)","(149, 265)","54.65,-2.1083333333333334","56.75833333333333,-3.7916666666666665",319.1331787109375,254.18333333333334
"(149, 265)","(133, 79)","56.75833333333333,-3.7916666666666665","56.891666666666666,-5.341666666666667",171.07623291015625,116.36666666666666
"(133, 79)","(168, 180)","56.891666666666666,-5.341666666666667","56.6,-4.5",167.32887268066406,164.58333333333334
"(168, 180)","(379, 120)","56.6,-4.5","54.84166666666667,-5.0",265.3506774902344,253.5
"(379, 120)","(180, 184)","54.84166666666667,-5.0","56.5,-4.466666666666667",233.03213500976562,220.55
"(180, 184)","(464, 528)","56.5,-4.466666666666667","54.13333333333333,-1.5999999999999996",392.8044128417969,290.6333333333333
"(464, 528)","(44, 291)","54.13333333333333,-1.5999999999999996","57.63333333333333,-3.575",513.6497802734375,390.55
"(44, 291)","(67, 293)","57.63333333333333,-3.575","57.44166666666667,-3.5583333333333336",44.03947830200195,29.616666666666667
"(67, 293)","(117, 322)","57.44166666666667,-3.5583333333333336","57.025,-3.316666666666667",88.10066223144531,122.25
"(117, 322)","(319, 188)","57.025,-3.316666666666667","55.34166666666667,-4.433333333333334",250.156494140625,207.8
"(319, 188)","(293, 401)","55.34166666666667,-4.433333333333334","55.55833333333334,-2.658333333333333",214.0185089111328,157.48333333333332
"(293, 401)","(263, 430)","55.55833333333334,-2.658333333333333","55.80833333333334,-2.4166666666666665",48.460960388183594,51.05
"(263, 430)","(294, 283)","55.80833333333334,-2.4166666666666665","55.55,-3.6416666666666666",146.91018676757812,107.88333333333334
"(294, 283)","(49, 265)","55.55,-3.6416666666666666","57.59166666666667,-3.7916666666666665",297.28961181640625,231.08333333333334
"(49, 265)","(382, 311)","57.59166666666667,-3.7916666666666665","54.81666666666667,-3.408333333333333",423.2900085449219,318.7
"(382, 311)","(450, 577)","54.81666666666667,-3.408333333333333","54.25,-1.1916666666666664",233.9777374267578,148.16666666666666
"(450, 577)","(122, 378)","54.25,-1.1916666666666664","56.983333333333334,-2.85",443.86920166015625,358.78333333333336
"(122, 378)","(188, 154)","56.983333333333334,-2.85","56.43333333333333,-4.716666666666667",244.52093505859375,197.15
"(188, 154)","(393, 378)","56.43333333333333,-4.716666666666667","54.725,-2.85",236.6414337158203,192.65
"(393, 378)","(300, 305)","54.725,-2.85","55.5,-3.4583333333333335",94.25224304199219,78.5
"(300, 305)","(132, 110)","55.5,-3.4583333333333335","56.9,-5.083333333333333",265.7099304199219,228.95
"(132, 110)","(444, 516)","56.9,-5.083333333333333","54.3,-1.7000000000000002",457.6921691894531,353.1166666666667
"(444, 516)","(450, 460)","54.3,-1.7000000000000002","54.25,-2.1666666666666665",60.477317810058594,51.21666666666667
"(450, 460)","(388, 534)","54.25,-2.1666666666666665","54.766666666666666,-1.5499999999999998",97.70732879638672,87.4
"(388, 534)","(263, 199)","54.766666666666666,-1.5499999999999998","55.80833333333334,-4.341666666666667",276.8706359863281,193.01666666666668
"(263, 199)","(426, 602)","55.80833333333334,-4.341666666666667","54.45,-0.9833333333333334",343.2987060546875,234.83333333333334
"(426, 602)","(38, 188)","54.45,-0.9833333333333334","57.68333333333333,-4.433333333333334",577.2180786132812,405.06666666666666
"(38, 188)","(451, 522)","57.68333333333333,-4.433333333333334","54.24166666666667,-1.6500000000000004",547.2069702148438,389.78333333333336
"(451, 522)","(383, 180)","54.24166666666667,-1.6500000000000004","54.80833333333334,-4.5",323.2492370605469,209.88333333333333
"(383, 180)","(312, 404)","54.80833333333334,-4.5","55.4,-2.6333333333333333",229.291015625,164.93333333333334
"(312, 404)","(64, 324)","55.4,-2.6333333333333333","57.46666666666667,-3.3",309.6300964355469,259.96666666666664
"(64, 324)","(386, 486)","57.46666666666667,-3.3","54.78333333333333,-1.9500000000000002",403.9969787597656,336.9
"(386, 486)","(85, 406)","54.78333333333333,-1.9500000000000002","57.291666666666664,-2.6166666666666667",406.0003356933594,322.26666666666665
"(85, 406)","(197, 265)","57.291666666666664,-2.6166666666666667","56.358333333333334,-3.7916666666666665",208.54298400878906,152.83333333333334
"(197, 265)","(236, 383)","56.358333333333334,-3.7916666666666665","56.03333333333333,-2.8083333333333336",130.9358367919922,100.66666666666667
"(236, 383)","(302, 213)","56.03333333333333,-2.8083333333333336","55.483333333333334,-4.225",164.24578857421875,123.21666666666667
"(302, 213)","(4, 173)","55.483333333333334,-4.225","57.96666666666667,-4.558333333333334",403.88726806640625,293.75
"(4, 173)","(236, 215)","57.96666666666667,-4.558333333333334","56.03333333333333,-4.208333333333333",337.31982421875,251.35
"(236, 215)","(61, 281)","56.03333333333333,-4.208333333333333","57.49166666666667,-3.658333333333333",235.95480346679688,189.0
"(61, 281)","(393, 547)","57.49166666666667,-3.658333333333333","54.725,-1.4416666666666664",456.482177734375,336.56666666666666
"(393, 547)","(114, 48)","54.725,-1.4416666666666664","57.05,-5.6",inf,-1.6666666666666667
"(114, 48)","(8, 143)","57.05,-5.6","57.93333333333333,-4.808333333333334",inf,-1.6666666666666667
"(8, 143)","(116, 350)","57.93333333333333,-4.808333333333334","57.03333333333333,-3.0833333333333335",272.64862060546875,222.78333333333333
"(116, 350)","(317, 353)","57.03333333333333,-3.0833333333333335","55.358333333333334,-3.0583333333333336",260.810791015625,257.6666666666667
"(317, 353)","(230, 64)","55.358333333333334,-3.0583333333333336","56.083333333333336,-5.466666666666667",281.3741455078125,264.48333333333335
"(230, 64)","(186, 133)","56.083333333333336,-5.466666666666667","56.45,-4.891666666666667",87.1292724609375,83.66666666666667
"(186, 133)","(285, 411)","56.45,-4.891666666666667","55.625,-2.575",254.5502471923828,189.73333333333332
"(285, 411)","(273, 398)","55.625,-2.575","55.725,-2.6833333333333336",20.04210662841797,15.5
"(273, 398)","(95, 361)","55.725,-2.6833333333333336","57.208333333333336,-2.9916666666666667",254.4618377685547,209.63333333333333
"(95, 361)","(182, 103)","57.208333333333336,-2.9916666666666667","56.483333333333334,-5.141666666666667",314.9540100097656,246.25
"(182, 103)","(237, 100)","56.483333333333334,-5.141666666666667","56.025,-5.166666666666667",78.757080078125,100.48333333333333
"(237, 100)","(247, 101)","56.025,-5.166666666666667","55.94166666666667,-5.158333333333333",19.60320281982422,13.183333333333334
"(247, 101)","(115, 376)","55.94166666666667,-5.158333333333333","57.041666666666664,-2.8666666666666667",343.7808532714844,259.25
"(115, 376)","(269, 396)","57.041666666666664,-2.8666666666666667","55.75833333333333,-2.7",237.10633850097656,191.36666666666667
"(269, 396)","(391, 176)","55.75833333333333,-2.7","54.74166666666667,-4.533333333333333",254.2630615234375,209.75
"(391, 176)","(416, 518)","54.74166666666667,-4.533333333333333","54.53333333333333,-1.6833333333333336",313.9324951171875,207.91666666666666
"(416, 518)","(334, 223)","54.53333333333333,-1.6833333333333336","55.21666666666667,-4.141666666666667",267.09649658203125,171.86666666666667
"(334, 223)","(455, 505)","55.21666666666667,-4.141666666666667","54.208333333333336,-1.791666666666667",288.0743713378906,206.8
"(455, 505)","(134, 397)","54.208333333333336,-1.791666666666667","56.88333333333333,-2.691666666666667",416.4986572265625,331.35
"(134, 397)","(400, 298)","56.88333333333333,-2.691666666666667","54.666666666666664,-3.5166666666666666",337.8597106933594,259.75
"(400, 298)","(140, 419)","54.666666666666664,-3.5166666666666666","56.833333333333336,-2.5083333333333333",340.25482177734375,253.86666666666667
"(140, 419)","(173, 255)","56.833333333333336,-2.5083333333333333","56.55833333333333,-3.875",165.0692901611328,113.8
"(173, 255)","(397, 563)","56.55833333333333,-3.875","54.69166666666667,-1.3083333333333336",348.8462219238281,268.0833333333333
"(397, 563)","(183, 329)","54.69166666666667,-1.3083333333333336","56.475,-3.2583333333333333",308.3808288574219,224.43333333333334
"(183, 329)","(50, 249)","56.475,-3.2583333333333333","57.583333333333336,-3.925",203.2762451171875,150.03333333333333
"(50, 249)","(482, 636)","57.583333333333336,-3.925","53.983333333333334,-0.7000000000000002",597.8719482421875,437.2
"(482, 636)","(131, 18)","53.983333333333334,-0.7000000000000002","56.90833333333333,-5.85",603.3692016601562,448.65
"(131, 18)","(165, 367)","56.90833333333333,-5.85","56.625,-2.941666666666667",321.4055480957031,202.18333333333334
"(165, 367)","(239, 139)","56.625,-2.941666666666667","56.00833333333333,-4.841666666666667",219.17474365234375,148.55
"(239, 139)","(398, 417)","56.00833333333333,-4.841666666666667","54.68333333333334,-2.525",240.66993713378906,191.8
"(398, 417)","(464, 709)","54.68333333333334,-2.525","54.13333333333333,-0.09166666666666679",260.7269287109375,186.28333333333333
"(464, 709)","(334, 303)","54.13333333333333,-0.09166666666666679","55.21666666666667,-3.475",347.46466064453125,238.55
"(334, 303)","(42, 308)","55.21666666666667,-3.475","57.65,-3.4333333333333336",326.9814758300781,259.68333333333334
"(42, 308)","(58, 185)","57.65,-3.4333333333333336","57.516666666666666,-4.458333333333333",104.62584686279297,62.016666666666666
"(58, 185)","(347, 351)","57.516666666666666,-4.458333333333333","55.108333333333334,-3.075",384.37225341796875,275.76666666666665
"(347, 351)","(365, 486)","55.108333333333334,-3.075","54.958333333333336,-1.9500000000000002",120.3386459350586,78.35
"(365, 486)","(80, 357)","54.958333333333336,-1.9500000000000002","57.333333333333336,-3.025",375.5782470703125,313.35
"(80, 357)","(185, 173)","57.333333333333336,-3.025","56.458333333333336,-4.558333333333334",259.29522705078125,219.86666666666667
"(185, 173)","(164, 404)","56.458333333333336,-4.558333333333334","56.63333333333333,-2.6333333333333333",223.2548065185547,167.25
"(164, 404)","(424, 633)","56.63333333333333,-2.6333333333333333","54.46666666666667,-0.7249999999999996",432.47796630859375,311.45
"(424, 633)","(251, 273)","54.46666666666667,-0.7249999999999996","55.90833333333333,-3.725",341.7798156738281,239.55
"(251, 273)","(303, 228)","55.90833333333333,-3.725","55.475,-4.1",88.2956771850586,91.4
"(303, 228)","(248, 83)","55.475,-4.1","55.93333333333334,-5.308333333333334",201.694091796875,181.66666666666666
"(248, 83)","(79, 210)","55.93333333333334,-5.308333333333334","57.34166666666667,-4.25",253.94244384765625,262.06666666666666
"(79, 210)","(486, 588)","57.34166666666667,-4.25","53.95,-1.0999999999999996",558.0354614257812,408.43333333333334
"(486, 588)","(241, 211)","53.95,-1.0999999999999996","55.99166666666667,-4.241666666666667",335.7835388183594,247.36666666666667
"(241, 211)","(326, 150)","55.99166666666667,-4.241666666666667","55.28333333333333,-4.75",89.59398651123047,96.1
"(326, 150)","(325, 143)","55.28333333333333,-4.75","55.291666666666664,-4.808333333333334",8.72459602355957,8.4
"(325, 143)","(409, 388)","55.291666666666664,-4.808333333333334","54.59166666666667,-2.7666666666666666",236.60183715820312,172.51666666666668
"(409, 388)","(446, 572)","54.59166666666667,-2.7666666666666666","54.28333333333333,-1.2333333333333334",162.91741943359375,109.83333333333333
"(446, 572)","(43, 329)","54.28333333333333,-1.2333333333333334","57.641666666666666,-3.2583333333333333",521.9151000976562,409.78333333333336
"(43, 329)","(212, 247)","57.641666666666666,-3.2583333333333333","56.233333333333334,-3.941666666666667",241.82180786132812,185.58333333333334
"(212, 247)","(419, 296)","56.233333333333334,-3.941666666666667","54.50833333333333,-3.533333333333333",224.2576141357422,183.15
"(419, 296)","(489, 555)","54.50833333333333,-3.533333333333333","53.925,-1.375",233.8251190185547,153.78333333333333
"(489, 555)","(446, 444)","53.925,-1.375","54.28333333333333,-2.3000000000000003",120.79631042480469,85.13333333333334
"(446, 444)","(291, 278)","54.28333333333333,-2.3000000000000003","55.575,-3.6833333333333336",175.44435119628906,142.55
"(291, 278)","(445, 544)","55.575,-3.6833333333333336","54.291666666666664,-1.4666666666666668",240.5863037109375,163.83333333333334
"(445, 544)","(337, 526)","54.291666666666664,-1.4666666666666668","55.19166666666667,-1.6166666666666671",99.42092895507812,93.68333333333334
"(337, 526)","(232, 293)","55.19166666666667,-1.6166666666666671","56.06666666666667,-3.5583333333333336",230.76092529296875,154.03333333333333
"(232, 293)","(67, 273)","56.06666666666667,-3.5583333333333336","57.44166666666667,-3.725",225.90457153320312,160.68333333333334
"(67, 273)","(404, 468)","57.44166666666667,-3.725","54.63333333333333,-2.1",449.9922790527344,328.0
"(404, 468)","(437, 574)","54.63333333333333,-2.1","54.358333333333334,-1.2166666666666668",106.98297119140625,82.76666666666667
"(437, 574)","(366, 501)","54.358333333333334,-1.2166666666666668","54.95,-1.8250000000000002",102.67271423339844,88.03333333333333
"(366, 501)","(88, 346)","54.95,-1.8250000000000002","57.266666666666666,-3.1166666666666667",374.00213623046875,324.1333333333333
"(88, 346)","(159, 310)","57.266666666666666,-3.1166666666666667","56.675,-3.4166666666666665",105.69944763183594,96.03333333333333
"(159, 310)","(429, 623)","56.675,-3.4166666666666665","54.425,-0.8083333333333336",390.591552734375,311.8833333333333
"(429, 623)","(140, 370)","54.425,-0.8083333333333336","56.833333333333336,-2.9166666666666665",438.1050720214844,342.45
"(140, 370)","(295, 180)","56.833333333333336,-2.9166666666666665","55.541666666666664,-4.5",220.53160095214844,167.13333333333333
"(295, 180)","(164, 381)","55.541666666666664,-4.5","56.63333333333333,-2.825",198.69615173339844,141.35
"(164, 381)","(417, 537)","56.63333333333333,-2.825","54.525,-1.5250000000000004",347.04052734375,271.81666666666666
"(417, 537)","(288, 223)","54.525,-1.5250000000000004","55.6,-4.141666666666667",272.15087890625,185.33333333333334
"(288, 223)","(185, 262)","55.6,-4.141666666666667","56.458333333333336,-3.816666666666667",104.9146957397461,99.75
"(185, 262)","(336, 241)","56.458333333333336,-3.816666666666667","55.2,-3.9916666666666667",169.87643432617188,153.73333333333332
"(336, 241)","(440, 48)","55.2,-3.9916666666666667","54.333333333333336,-5.6",inf,294.78333333333336
"(440, 48)","(275, 200)","54.333333333333336,-5.6","55.708333333333336,-4.333333333333333",inf,318.95
"(275, 200)","(438, 192)","55.708333333333336,-4.333333333333333","54.35,-4.4",inf,455.43333333333334
"(438, 192)","(112, 429)","54.35,-4.4","57.06666666666667,-2.4250000000000003",inf,572.6333333333333
"(112, 429)","(473, 496)","57.06666666666667,-2.4250000000000003","54.05833333333334,-1.8666666666666671",469.848876953125,372.6166666666667
"(473, 496)","(256, 422)","54.05833333333334,-1.8666666666666671","55.86666666666667,-2.4833333333333334",253.23240661621094,226.33333333333334
"(256, 422)","(157, 207)","55.86666666666667,-2.4833333333333334","56.69166666666667,-4.275",247.88844299316406,179.53333333333333
"(157, 207)","(169, 417)","56.69166666666667,-4.275","56.59166666666667,-2.525",212.8076629638672,137.13333333333333
"(169, 417)","(324, 404)","56.59166666666667,-2.525","55.3,-2.6333333333333333",249.06248474121094,211.31666666666666
"(324, 404)","(148, 329)","55.3,-2.6333333333333333","56.766666666666666,-3.2583333333333333",218.31402587890625,219.68333333333334
"(148, 329)","(429, 615)","56.766666666666666,-3.2583333333333333","54.425,-0.875",403.4964599609375,327.81666666666666
"(429, 615)","(165, 336)","54.425,-0.875","56.625,-3.2",383.6252136230469,300.01666666666665
"(165, 336)","(98, 373)","56.625,-3.2","57.18333333333333,-2.8916666666666666",115.83554077148438,106.66666666666667
"(98, 373)","(267, 60)","57.18333333333333,-2.8916666666666666","55.775,-5.5",389.930908203125,307.1666666666667
"(267, 60)","(314, 467)","55.775,-5.5","55.38333333333333,-2.1083333333333334",389.08941650390625,319.1666666666667
"(314, 467)","(369, 477)","55.38333333333333,-2.1083333333333334","54.925,-2.025",62.243648529052734,78.9
"(369, 477)","(318, 370)","54.925,-2.025","55.35,-2.9166666666666665",119.72986602783203,94.43333333333334
"(318, 370)","(390, 525)","55.35,-2.9166666666666665","54.75,-1.625",162.4936065673828,126.16666666666667
"(390, 525)","(240, 278)","54.75,-1.625","56.0,-3.6833333333333336",245.55133056640625,187.75
"(240, 278)","(82, 322)","56.0,-3.6833333333333336","57.31666666666667,-3.316666666666667",200.08135986328125,183.96666666666667
"(82, 322)","(422, 497)","57.31666666666667,-3.316666666666667","54.483333333333334,-1.8583333333333334",420.9576721191406,345.01666666666665
"(422, 497)","(60, 456)","54.483333333333334,-1.8583333333333334","57.5,-2.2",475.75836181640625,341.73333333333335
"(60, 456)","(457, 471)","57.5,-2.2","54.19166666666667,-2.075",498.2174377441406,373.95
"(457, 471)","(474, 510)","54.19166666666667,-2.075","54.05,-1.75",51.90170669555664,43.28333333333333
"(474, 510)","(385, 366)","54.05,-1.75","54.791666666666664,-2.95",158.34710693359375,129.75
"(385, 366)","(258, 377)","54.791666666666664,-2.95","55.85,-2.8583333333333334",130.61245727539062,135.6
"(258, 377)","(261, 272)","55.85,-2.8583333333333334","55.825,-3.7333333333333334",84.10039520263672,60.05
"(261, 272)","(294, 311)","55.825,-3.7333333333333334","55.55,-3.408333333333333",57.673004150390625,50.516666666666666
"(294, 311)","(305, 431)","55.55,-3.408333333333333","55.458333333333336,-2.408333333333333",126.48674011230469,94.96666666666667
"(305, 431)","(348, 175)","55.458333333333336,-2.408333333333333","55.1,-4.541666666666667",273.0657653808594,197.1
"(348, 175)","(353, 251)","55.1,-4.541666666666667","55.05833333333334,-3.908333333333333",90.531005859375,72.21666666666667
"(353, 251)","(491, 444)","55.05833333333334,-3.908333333333333","53.90833333333333,-2.3000000000000003",216.42935180664062,165.75
"(491, 444)","(87, 57)","53.90833333333333,-2.3000000000000003","57.275,-5.525",535.5264282226562,426.0833333333333
"(87, 57)","(209, 109)","57.275,-5.525","56.25833333333333,-5.091666666666667",216.2574462890625,182.26666666666668
"(209, 109)","(311, 29)","56.25833333333333,-5.091666666666667","55.40833333333333,-5.758333333333334",127.7853012084961,118.5
"(311, 29)","(414, 598)","55.40833333333333,-5.758333333333334","54.55,-1.0166666666666666",540.8137817382812,410.4
"(414, 598)","(370, 504)","54.55,-1.0166666666666666","54.916666666666664,-1.7999999999999998",93.5748062133789,86.13333333333334
"(370, 504)","(214, 357)","54.916666666666664,-1.7999999999999998","56.21666666666667,-3.025",251.79954528808594,197.06666666666666
"(214, 357)","(363, 174)","56.21666666666667,-3.025","54.975,-4.55",231.48243713378906,189.7
"(363, 174)","(110, 231)","54.975,-4.55","57.083333333333336,-4.075",297.6440734863281,251.06666666666666
"(110, 231)","(354, 280)","57.083333333333336,-4.075","55.05,-3.6666666666666665",278.94329833984375,221.61666666666667
"(354, 280)","(17, 139)","55.05,-3.6666666666666665","57.858333333333334,-4.841666666666667",508.54229736328125,-1.6666666666666667
"(17, 139)","(309, 430)","57.858333333333334,-4.841666666666667","55.425,-2.4166666666666665",514.234375,-1.6666666666666667
"(309, 430)","(124, 186)","55.425,-2.4166666666666665","56.96666666666667,-4.45",290.2084045410156,210.73333333333332
"(124, 186)","(354, 254)","56.96666666666667,-4.45","55.05,-3.8833333333333333",296.8657531738281,236.4
"(354, 254)","(367, 511)","55.05,-3.8833333333333333","54.94166666666667,-1.7416666666666671",211.4165496826172,132.08333333333334
"(367, 511)","(313, 264)","54.94166666666667,-1.7416666666666671","55.391666666666666,-3.8",209.37098693847656,137.96666666666667
"(313, 264)","(132, 338)","55.391666666666666,-3.8","56.9,-3.1833333333333336",221.01039123535156,191.91666666666666
"(132, 338)","(470, 415)","56.9,-3.1833333333333336","54.083333333333336,-2.5416666666666665",359.93316650390625,307.95
"(470, 415)","(193, 277)","54.083333333333336,-2.5416666666666665","56.391666666666666,-3.691666666666667",272.8575134277344,225.85
"(193, 277)","(210, 263)","56.391666666666666,-3.691666666666667","56.25,-3.8083333333333336",23.91107177734375,26.783333333333335
"(210, 263)","(153, 266)","56.25,-3.8083333333333336","56.725,-3.783333333333333",69.94347381591797,52.95
"(153, 266)","(213, 208)","56.725,-3.783333333333333","56.225,-4.266666666666667",111.73724365234375,84.3
"(213, 208)","(404, 530)","56.225,-4.266666666666667","54.63333333333333,-1.583333333333333",313.38916015625,230.86666666666667
"(404, 530)","(258, 291)","54.63333333333333,-1.583333333333333","55.85,-3.575",252.91720581054688,190.68333333333334
"(258, 291)","(498, 484)","55.85,-3.575","53.85,-1.9666666666666668",265.85498046875,225.11666666666667
"(498, 484)","(216, 129)","53.85,-1.9666666666666668","56.2,-4.925",349.52947998046875,286.03333333333336
"(216, 129)","(341, 410)","56.2,-4.925","55.15833333333333,-2.5833333333333335",274.25640869140625,221.91666666666666
"(341, 410)","(431, 583)","55.15833333333333,-2.5833333333333335","54.40833333333333,-1.1416666666666666",197.47906494140625,137.45
"(431, 583)","(410, 296)","54.40833333333333,-1.1416666666666666","54.583333333333336,-3.533333333333333",251.34378051757812,158.85
"(410, 296)","(280, 456)","54.583333333333336,-3.533333333333333","55.666666666666664,-2.2",202.5774383544922,156.13333333333333
"(280, 456)","(272, 63)","55.666666666666664,-2.2","55.733333333333334,-5.475",368.7029724121094,272.98333333333335
"(272, 63)","(131, 159)","55.733333333333334,-5.475","56.90833333333333,-4.675",204.38217163085938,200.38333333333333
"(131, 159)","(294, 374)","56.90833333333333,-4.675","55.55,-2.8833333333333333",279.7272033691406,212.46666666666667
"(294, 374)","(90, 192)","55.55,-2.8833333333333333","57.25,-4.4",314.0128173828125,252.0
"(90, 192)","(86, 258)","57.25,-4.4","57.28333333333333,-3.85",73.52982330322266,45.983333333333334
"(86, 258)","(189, 301)","57.28333333333333,-3.85","56.425,-3.4916666666666667",161.80494689941406,99.41666666666667
"(189, 301)","(61, 216)","56.425,-3.4916666666666667","57.49166666666667,-4.2",202.36676025390625,127.45
"(61, 216)","(264, 196)","57.49166666666667,-4.2","55.8,-4.366666666666667",273.4637756347656,198.18333333333334
"(264, 196)","(6, 174)","55.8,-4.366666666666667","57.95,-4.55",357.1362609863281,264.78333333333336
"(6, 174)","(163, 364)","57.95,-4.55","56.641666666666666,-2.966666666666667",320.779296875,226.68333333333334
"(163, 364)","(374, 212)","56.641666666666666,-2.966666666666667","54.88333333333333,-4.233333333333333",275.92156982421875,222.18333333333334
"(374, 212)","(362, 116)","54.88333333333333,-4.233333333333333","54.983333333333334,-5.033333333333333",88.69615173339844,61.53333333333333
"(362, 116)","(418, 420)","54.983333333333334,-5.033333333333333","54.516666666666666,-2.5",274.8541259765625,183.9
"(418, 420)","(184, 310)","54.516666666666666,-2.5","56.46666666666667,-3.4166666666666665",245.90643310546875,201.18333333333334
"(184, 310)","(320, 187)","56.46666666666667,-3.4166666666666665","55.333333333333336,-4.441666666666666",170.04493713378906,128.58333333333334
"(320, 187)","(23, 200)","55.333333333333336,-4.441666666666666","57.80833333333333,-4.333333333333333",378.1327209472656,276.45
"(23, 200)","(353, 165)","57.80833333333333,-4.333333333333333","55.05833333333334,-4.625",416.232177734375,333.03333333333336
"(353, 165)","(225, 208)","55.05833333333334,-4.625","56.125,-4.266666666666667",144.0965118408203,159.11666666666667
"(225, 208)","(478, 489)","56.125,-4.266666666666667","54.016666666666666,-1.9249999999999998",297.8944091796875,250.2
"(478, 489)","(44, 194)","54.016666666666666,-1.9249999999999998","57.63333333333333,-4.383333333333333",541.451904296875,403.95
"(44, 194)","(151, 426)","57.63333333333333,-4.383333333333333","56.74166666666667,-2.45",268.5600280761719,202.65
"(151, 426)","(442, 32)","56.74166666666667,-2.45","54.31666666666667,-5.733333333333333",inf,429.75
"(442, 32)","(393, 5)","54.31666666666667,-5.733333333333333","54.725,-5.958333333333333",47.26772689819336,61.13333333333333
"(393, 5)","(117, 426)","54.725,-5.958333333333333","57.025,-2.45",inf,404.48333333333335
"(117, 426)","(313, 165)","57.025,-2.45","55.391666666666666,-4.625",290.35845947265625,201.2
"(313, 165)","(460, 624)","55.391666666666666,-4.625","54.166666666666664,-0.7999999999999998",410.9383850097656,272.78333333333336
"(460, 624)","(494, 628)","54.166666666666664,-0.7999999999999998","53.88333333333333,-0.7666666666666666",38.66938400268555,46.1
"(494, 628)","(486, 505)","53.88333333333333,-0.7666666666666666","53.95,-1.791666666666667",107.60601043701172,82.7
"(486, 505)","(256, 421)","53.95,-1.791666666666667","55.86666666666667,-2.4916666666666667",260.29473876953125,228.05
"(256, 421)","(122, 396)","55.86666666666667,-2.4916666666666667","56.983333333333334,-2.7",266.98309326171875,196.31666666666666
"(122, 396)","(115, 407)","56.983333333333334,-2.7","57.041666666666664,-2.6083333333333334",17.227367401123047,13.016666666666667
"(115, 407)","(254, 299)","57.041666666666664,-2.6083333333333334","55.88333333333333,-3.5083333333333333",180.03648376464844,134.43333333333334
"(254, 299)","(243, 170)","55.88333333333333,-3.5083333333333333","55.975,-4.583333333333333",87.56729125976562,66.33333333333333
"(243, 170)","(390, 306)","55.975,-4.583333333333333","54.75,-3.45",204.74388122558594,161.9
"(390, 306)","(246, 362)","54.75,-3.45","55.95,-2.9833333333333334",179.1787872314453,163.1
"(246, 362)","(203, 335)","55.95,-2.9833333333333334","56.30833333333333,-3.2083333333333335",87.93701934814453,69.11666666666666
"(203, 335)","(252, 327)","56.30833333333333,-3.2083333333333335","55.9,-3.275",59.74605178833008,57.1
"(252, 327)","(108, 414)","55.9,-3.275","57.1,-2.5500000000000003",187.63819885253906,157.01666666666668
"(108, 414)","(405, 475)","57.1,-2.5500000000000003","54.625,-2.0416666666666665",399.708984375,318.85
"(405, 475)","(303, 189)","54.625,-2.0416666666666665","55.475,-4.425",263.5461730957031,181.13333333333333
"(303, 189)","(140, 329)","55.475,-4.425","56.833333333333336,-3.2583333333333333",211.32200622558594,186.53333333333333
"(140, 329)","(376, 161)","56.833333333333336,-3.2583333333333333","54.86666666666667,-4.658333333333333",302.17291259765625,274.43333333333334
"(376, 161)","(116, 456)","54.86666666666667,-4.658333333333333","57.03333333333333,-2.2",374.552001953125,273.6333333333333
"(116, 456)","(314, 400)","57.03333333333333,-2.2","55.38333333333333,-2.6666666666666665",288.20684814453125,208.81666666666666
"(314, 400)","(227, 58)","55.38333333333333,-2.6666666666666665","56.108333333333334,-5.516666666666667",321.1813049316406,251.18333333333334
"(227, 58)","(102, 371)","56.108333333333334,-5.516666666666667","57.15,-2.908333333333333",362.12518310546875,273.4
"(102, 371)","(249, 230)","57.15,-2.908333333333333","55.925,-4.083333333333333",225.12852478027344,171.13333333333333
"(249, 230)","(451, 668)","55.925,-4.083333333333333","54.24166666666667,-0.43333333333333357",376.43353271484375,268.6
"(451, 668)","(179, 388)","54.24166666666667,-0.43333333333333357","56.50833333333333,-2.7666666666666666",452.8709411621094,339.9
"(179, 388)","(363, 426)","56.50833333333333,-2.7666666666666666","54.975,-2.45",281.0164489746094,210.91666666666666
"(363, 426)","(286, 404)","54.975,-2.45","55.61666666666667,-2.6333333333333333",105.69474792480469,97.41666666666667
"(286, 404)","(51, 334)","55.61666666666667,-2.6333333333333333","57.575,-3.216666666666667",305.83990478515625,255.41666666666666
"(51, 334)","(269, 254)","57.575,-3.216666666666667","55.75833333333333,-3.8833333333333333",266.88092041015625,228.86666666666667
"(269, 254)","(290, 308)","55.75833333333333,-3.8833333333333333","55.583333333333336,-3.4333333333333336",61.53199768066406,50.86666666666667
"(290, 308)","(432, 38)","55.583333333333336,-3.4333333333333336","54.4,-5.683333333333334",inf,344.8
"(432, 38)","(117, 186)","54.4,-5.683333333333334","57.025,-4.45",inf,445.3333333333333
"(117, 186)","(85, 186)","57.025,-4.45","57.291666666666664,-4.45",53.09086990356445,109.4
"(85, 186)","(108, 457)","57.291666666666664,-4.45","57.1,-2.191666666666667",253.458740234375,174.81666666666666
"(108, 457)","(280, 486)","57.1,-2.191666666666667","55.666666666666664,-1.9500000000000002",337.1689147949219,213.76666666666668
"(280, 486)","(481, 497)","55.666666666666664,-1.9500000000000002","53.99166666666667,-1.8583333333333334",205.5271453857422,166.4
"(481, 497)","(105, 347)","53.99166666666667,-1.8583333333333334","57.125,-3.1083333333333334",442.4593505859375,371.18333333333334
"(105, 347)","(72, 253)","57.125,-3.1083333333333334","57.4,-3.8916666666666666",115.77813720703125,114.23333333333333
"(72, 253)","(490, 592)","57.4,-3.8916666666666666","53.916666666666664,-1.0666666666666664",544.7711791992188,414.3333333333333
"(490, 592)","(498, 493)","53.916666666666664,-1.0666666666666664","53.85,-1.8916666666666666",84.60350799560547,78.56666666666666
"(498, 493)","(69, 390)","53.85,-1.8916666666666666","57.425,-2.75",503.96826171875,398.71666666666664
"(69, 390)","(147, 155)","57.425,-2.75","56.775,-4.708333333333333",234.21266174316406,184.01666666666668
"(147, 155)","(453, 436)","56.775,-4.708333333333333","54.225,-2.3666666666666667",398.4381408691406,367.06666666666666
"(453, 436)","(135, 339)","54.225,-2.3666666666666667","56.875,-3.175",362.62274169921875,305.6166666666667
"(135, 339)","(259, 46)","56.875,-3.175","55.84166666666667,-5.616666666666667",351.671630859375,300.73333333333335
"(259, 46)","(377, 17)","55.84166666666667,-5.616666666666667","54.858333333333334,-5.858333333333333",inf,392.73333333333335
"(377, 17)","(464, 403)","54.858333333333334,-5.858333333333333","54.13333333333333,-2.6416666666666666",inf,330.1166666666667
"(464, 403)","(156, 242)","54.13333333333333,-2.6416666666666666","56.7,-3.9833333333333334",309.8663330078125,261.68333333333334
"(156, 242)","(380, 540)","56.7,-3.9833333333333334","54.833333333333336,-1.5",340.00830078125,257.4
"(380, 540)","(339, 249)","54.833333333333336,-1.5","55.175,-3.925",250.50418090820312,155.98333333333332
"(339, 249)","(328, 310)","55.175,-3.925","55.266666666666666,-3.4166666666666665",68.68132019042969,59.13333333333333
"(328, 310)","(440, 445)","55.266666666666666,-3.4166666666666665","54.333333333333336,-2.2916666666666665",131.9894561767578,98.91666666666667
"(440, 445)","(97, 332)","54.333333333333336,-2.2916666666666665","57.19166666666667,-3.2333333333333334",386.954345703125,323.01666666666665
"(97, 332)","(319, 296)","57.19166666666667,-3.2333333333333334","55.34166666666667,-3.533333333333333",251.311279296875,226.38333333333333
"(319, 296)","(201, 148)","55.34166666666667,-3.533333333333333","56.325,-4.766666666666667",151.81341552734375,136.83333333333334
"(201, 148)","(395, 325)","56.325,-4.766666666666667","54.708333333333336,-3.2916666666666665",241.071044921875,210.01666666666668
"(395, 325)","(174, 331)","54.708333333333336,-3.2916666666666665","56.55,-3.2416666666666667",243.23446655273438,207.4
"(174, 331)","(499, 361)","56.55,-3.2416666666666667","53.84166666666667,-2.9916666666666667",318.9682312011719,263.0833333333333
"(499, 361)","(244, 344)","53.84166666666667,-2.9916666666666667","55.96666666666667,-3.1333333333333333",250.17825317382812,216.78333333333333
"(244, 344)","(181, 331)","55.96666666666667,-3.1333333333333333","56.49166666666667,-3.2416666666666667",89.7853775024414,84.05
"(181, 331)","(383, 514)","56.49166666666667,-3.2416666666666667","54.80833333333334,-1.7166666666666668",274.53363037109375,222.18333333333334
"(383, 514)","(285, 347)","54.80833333333334,-1.7166666666666668","55.625,-3.1083333333333334",177.9017791748047,156.31666666666666
"(285, 347)","(439, 554)","55.625,-3.1083333333333334","54.34166666666667,-1.3833333333333337",238.3192138671875,203.01666666666668
"(439, 554)","(56, 267)","54.34166666666667,-1.3833333333333337","57.53333333333333,-3.775",502.78204345703125,368.48333333333335
"(56, 267)","(472, 503)","57.53333333333333,-3.775","54.06666666666667,-1.8083333333333336",527.1452026367188,398.48333333333335
"(472, 503)","(332, 533)","54.06666666666667,-1.8083333333333336","55.233333333333334,-1.5583333333333336",135.53347778320312,126.48333333333333
"(332, 533)","(369, 182)","55.233333333333334,-1.5583333333333336","54.925,-4.483333333333333",311.5360412597656,194.65
"(369, 182)","(318, 417)","54.925,-4.483333333333333","55.35,-2.525",237.72232055664062,160.28333333333333
"(318, 417)","(103, 13)","55.35,-2.525","57.141666666666666,-5.891666666666667",486.88116455078125,349.1666666666667
"(103, 13)","(71, 128)","57.141666666666666,-5.891666666666667","57.40833333333333,-4.933333333333334",214.77967834472656,168.56666666666666
"(71, 128)","(264, 285)","57.40833333333333,-4.933333333333334","55.8,-3.625",338.87896728515625,254.55
"(264, 285)","(111, 390)","55.8,-3.625","57.075,-2.75",197.7984619140625,175.4
"(111, 390)","(435, 469)","57.075,-2.75","54.375,-2.091666666666667",412.7729797363281,328.76666666666665
"(435, 469)","(173, 18)","54.375,-2.091666666666667","56.55833333333333,-5.85",468.37921142578125,380.03333333333336
"(173, 18)","(32, 37)","56.55833333333333,-5.85","57.733333333333334,-5.691666666666666",326.4562072753906,262.96666666666664
"(32, 37)","(184, 126)","57.733333333333334,-5.691666666666666","56.46666666666667,-4.95",330.9418029785156,267.15
"(184, 126)","(399, 544)","56.46666666666667,-4.95","54.675,-1.4666666666666668",405.8592224121094,297.45
"(399, 544)","(240, 401)","54.675,-1.4666666666666668","56.0,-2.658333333333333",189.76536560058594,148.88333333333333
"(240, 401)","(314, 271)","56.0,-2.658333333333333","55.38333333333333,-3.7416666666666667",135.37171936035156,103.68333333333334
"(314, 271)","(419, 393)","55.38333333333333,-3.7416666666666667","54.50833333333333,-2.725",130.4639892578125,113.1
"(419, 393)","(454, 573)","54.50833333333333,-2.725","54.21666666666667,-1.2249999999999996",156.3195343017578,110.28333333333333
"(454, 573)","(311, 183)","54.21666666666667,-1.2249999999999996","55.40833333333333,-4.475",345.43194580078125,227.15
"(311, 183)","(92, 344)","55.40833333333333,-4.475","57.233333333333334,-3.1333333333333333",279.9881591796875,238.13333333333333
"(92, 344)","(306, 371)","57.233333333333334,-3.1333333333333333","55.45,-2.908333333333333",272.7308654785156,257.46666666666664
"(306, 371)","(55, 432)","55.45,-2.908333333333333","57.541666666666664,-2.4",338.6384582519531,260.5833333333333
"(55, 432)","(289, 173)","57.541666666666664,-2.4","55.59166666666667,-4.558333333333334",335.3374328613281,230.9
"(289, 173)","(444, 603)","55.59166666666667,-4.558333333333334","54.3,-0.9749999999999996",369.09698486328125,257.6666666666667
"(444, 603)","(394, 0)","54.3,-0.9749999999999996","54.71666666666667,-6.0",inf,416.2
"(394, 0)","(360, 278)","54.71666666666667,-6.0","55.0,-3.6833333333333336",inf,238.81666666666666
"(360, 278)","(411, 495)","55.0,-3.6833333333333336","54.575,-1.875",191.843505859375,127.63333333333334
"(411, 495)","(427, 624)","54.575,-1.875","54.44166666666667,-0.7999999999999998",116.41111755371094,89.95
"(427, 624)","(51, 238)","54.44166666666667,-0.7999999999999998","57.575,-4.016666666666667",568.42529296875,399.5833333333333
"(51, 238)","(416, 16)","57.575,-4.016666666666667","54.53333333333333,-5.866666666666666",inf,470.3
"(416, 16)","(64, 207)","54.53333333333333,-5.866666666666666","57.46666666666667,-4.275",inf,464.3833333333333
"(64, 207)","(448, 498)","57.46666666666667,-4.275","54.266666666666666,-1.8499999999999996",521.7518920898438,380.21666666666664
"(448, 498)","(277, 244)","54.266666666666666,-1.8499999999999996","55.69166666666667,-3.966666666666667",240.5495147705078,189.46666666666667
"(277, 244)","(496, 499)","55.69166666666667,-3.966666666666667","53.86666666666667,-1.8416666666666668",250.03175354003906,206.23333333333332
"(496, 499)","(309, 495)","53.86666666666667,-1.8416666666666668","55.425,-1.875",187.5206298828125,160.53333333333333
"(309, 495)","(343, 455)","55.425,-1.875","55.141666666666666,-2.2083333333333335",57.644981384277344,54.1
"(343, 455)","(163, 48)","55.141666666666666,-2.2083333333333335","56.641666666666666,-5.6",410.2554016113281,322.5
"(163, 48)","(38, 315)","56.641666666666666,-5.6","57.68333333333333,-3.375",254.68162536621094,215.48333333333332
"(38, 315)","(429, 640)","57.68333333333333,-3.375","54.425,-0.666666666666667",557.2125244140625,423.6166666666667
"(429, 640)","(24, 148)","54.425,-0.666666666666667","57.8,-4.766666666666667",639.4865112304688,474.3666666666667
"(24, 148)","(348, 443)","57.8,-4.766666666666667","55.1,-2.3083333333333336",479.86944580078125,375.31666666666666
"(348, 443)","(370, 244)","55.1,-2.3083333333333336","54.916666666666664,-3.966666666666667",179.63490295410156,133.0
"(370, 244)","(50, 437)","54.916666666666664,-3.966666666666667","57.583333333333336,-2.3583333333333334",396.68182373046875,301.53333333333336
"(50, 437)","(249, 307)","57.583333333333336,-2.3583333333333334","55.925,-3.441666666666667",252.41510009765625,180.06666666666666
"(249, 307)","(17, 70)","55.925,-3.441666666666667","57.858333333333334,-5.416666666666667",386.8218994140625,257.1
"(17, 70)","(64, 344)","57.858333333333334,-5.416666666666667","57.46666666666667,-3.1333333333333333",268.2469787597656,164.03333333333333
"(64, 344)","(66, 325)","57.46666666666667,-3.1333333333333333","57.45,-3.2916666666666665",18.474815368652344,15.8
"(66, 325)","(173, 302)","57.45,-3.2916666666666665","56.55833333333333,-3.4833333333333334",145.97706604003906,133.13333333333333
"(173, 302)","(344, 390)","56.55833333333333,-3.4833333333333334","55.13333333333333,-2.75",203.76406860351562,188.53333333333333
"(344, 390)","(351, 299)","55.13333333333333,-2.75","55.075,-3.5083333333333333",86.44082641601562,61.45
"(351, 299)","(184, 314)","55.075,-3.5083333333333333","56.46666666666667,-3.3833333333333333",167.14222717285156,148.06666666666666
"(184, 314)","(251, 90)","56.46666666666667,-3.3833333333333333","55.90833333333333,-5.25",233.92340087890625,175.08333333333334
"(251, 90)","(77, 56)","55.90833333333333,-5.25","57.358333333333334,-5.533333333333333",281.7004699707031,258.95
"(77, 56)","(452, 646)","57.358333333333334,-5.533333333333333","54.233333333333334,-0.6166666666666671",662.2697143554688,488.6
"(452, 646)","(177, 377)","54.233333333333334,-0.6166666666666671","56.525,-2.8583333333333334",437.1475524902344,326.98333333333335
"(177, 377)","(209, 42)","56.525,-2.8583333333333334","56.25833333333333,-5.65",293.9107360839844,236.3
"(209, 42)","(74, 434)","56.25833333333333,-5.65","57.38333333333333,-2.3833333333333333",385.5270690917969,312.1166666666667
"(74, 434)","(47, 459)","57.38333333333333,-2.3833333333333333","57.608333333333334,-2.1750000000000003",43.08534240722656,42.083333333333336
"(47, 459)","(316, 281)","57.608333333333334,-2.1750000000000003","55.36666666666667,-3.658333333333333",330.4550476074219,251.48333333333332
"(316, 281)","(476, 504)","55.36666666666667,-3.658333333333333","54.03333333333333,-1.7999999999999998",232.22265625,192.16666666666666
"(476, 504)","(249, 259)","54.03333333333333,-1.7999999999999998","55.925,-3.841666666666667",283.4810791015625,239.35
"(249, 259)","(445, 351)","55.925,-3.841666666666667","54.291666666666664,-3.075",209.5791473388672,195.15
"(445, 351)","(228, 97)","54.291666666666664,-3.075","56.1,-5.191666666666666",322.7762145996094,269.2
"(228, 97)","(189, 24)","56.1,-5.191666666666666","56.425,-5.8",inf,180.86666666666667
"(189, 24)","(458, 644)","56.425,-5.8","54.18333333333334,-0.6333333333333337",inf,466.45
"(458, 644)","(99, 265)","54.18333333333334,-0.6333333333333337","57.175,-3.7916666666666665",548.268310546875,390.0833333333333
"(99, 265)","(259, 63)","57.175,-3.7916666666666665","55.84166666666667,-5.475",277.9933166503906,234.26666666666668
"(259, 63)","(446, 554)","55.84166666666667,-5.475","54.28333333333333,-1.3833333333333337",453.0901794433594,332.73333333333335
"(446, 554)","(309, 381)","54.28333333333333,-1.3833333333333337","55.425,-2.825",204.1106719970703,159.31666666666666
"(309, 381)","(15, 162)","55.425,-2.825","57.875,-4.65",440.198974609375,324.23333333333335
"(15, 162)","(249, 296)","57.875,-4.65","55.925,-3.533333333333333",351.0020446777344,243.88333333333333
"(249, 296)","(464, 345)","55.925,-3.533333333333333","54.13333333333333,-3.125",232.3086395263672,199.81666666666666
"(464, 345)","(360, 502)","54.13333333333333,-3.125","55.0,-1.8166666666666664",192.09011840820312,148.21666666666667
"(360, 502)","(189, 97)","55.0,-1.8166666666666664","56.425,-5.191666666666666",357.6363830566406,259.5833333333333
"(189, 97)","(415, 576)","56.425,-5.191666666666666","54.541666666666664,-1.2000000000000002",429.19366455078125,309.98333333333335
"(415, 576)","(478, 403)","54.541666666666664,-1.2000000000000002","54.016666666666666,-2.6416666666666666",190.90586853027344,146.15
"(478, 403)","(14, 231)","54.016666666666666,-2.6416666666666666","57.88333333333333,-4.075",534.2508544921875,400.48333333333335
"(14, 231)","(432, 627)","57.88333333333333,-4.075","54.4,-0.7750000000000004",627.6727294921875,436.78333333333336
"(432, 627)","(329, 326)","54.4,-0.7750000000000004","55.25833333333333,-3.283333333333333",284.9751892089844,201.5
"(329, 326)","(10, 194)","55.25833333333333,-3.283333333333333","57.916666666666664,-4.383333333333333",419.51300048828125,314.5
"(10, 194)","(55, 426)","57.916666666666664,-4.383333333333333","57.541666666666664,-2.45",255.507568359375,169.38333333333333
"(55, 426)","(403, 392)","57.541666666666664,-2.45","54.641666666666666,-2.7333333333333334",403.1946105957031,296.23333333333335
"(403, 392)","(440, 500)","54.641666666666666,-2.7333333333333334","54.333333333333336,-1.833333333333333",110.80586242675781,82.65
"(440, 500)","(385, 183)","54.333333333333336,-1.833333333333333","54.791666666666664,-4.475",305.9659118652344,211.35
"(385, 183)","(446, 362)","54.791666666666664,-4.475","54.28333333333333,-2.9833333333333334",252.0893096923828,189.61666666666667
"(446, 362)","(222, 105)","54.28333333333333,-2.9833333333333334","56.15,-5.125",313.1070251464844,246.06666666666666
"(222, 105)","(259, 436)","56.15,-5.125","55.84166666666667,-2.3666666666666667",279.2548522949219,182.75
"(259, 436)","(104, 409)","55.84166666666667,-2.3666666666666667","57.13333333333333,-2.591666666666667",291.47076416015625,204.25
"(104, 409)","(436, 621)","57.13333333333333,-2.591666666666667","54.36666666666667,-0.8250000000000002",498.9216613769531,387.55
"(436, 621)","(376, 19)","54.36666666666667,-0.8250000000000002","54.86666666666667,-5.841666666666667",inf,434.1166666666667
"(376, 19)","(305, 388)","54.86666666666667,-5.841666666666667","55.458333333333336,-2.7666666666666666",inf,310.65
"(305, 388)","(392, 471)","55.458333333333336,-2.7666666666666666","54.733333333333334,-2.075",134.2970733642578,115.91666666666667
"(392, 471)","(186, 12)","54.733333333333334,-2.075","56.45,-5.9",inf,406.48333333333335
"(186, 12)","(498, 373)","56.45,-5.9","53.85,-2.8916666666666666",inf,415.56666666666666
"(498, 373)","(121, 290)","53.85,-2.8916666666666666","56.99166666666667,-3.5833333333333335",388.812744140625,329.93333333333334
"(121, 290)","(390, 129)","56.99166666666667,-3.5833333333333335","54.75,-4.925",344.9619445800781,292.53333333333336
"(390, 129)","(157, 35)","54.75,-4.925","56.69166666666667,-5.708333333333333",345.359619140625,320.78333333333336
"(157, 35)","(18, 206)","56.69166666666667,-5.708333333333333","57.85,-4.283333333333333",226.15699768066406,213.71666666666667
"(18, 206)","(127, 188)","57.85,-4.283333333333333","56.94166666666667,-4.433333333333334",150.83050537109375,128.45
"(127, 188)","(101, 340)","56.94166666666667,-4.433333333333334","57.15833333333333,-3.1666666666666665",152.2911834716797,126.55
"(101, 340)","(272, 194)","57.15833333333333,-3.1666666666666665","55.733333333333334,-4.383333333333333",229.4529571533203,181.15
"(272, 194)","(126, 284)","55.733333333333334,-4.383333333333333","56.95,-3.6333333333333333",227.15093994140625,199.21666666666667
"(126, 284)","(298, 364)","56.95,-3.6333333333333333","55.516666666666666,-2.966666666666667",239.40097045898438,243.01666666666668
"(298, 364)","(342, 314)","55.516666666666666,-2.966666666666667","55.15,-3.3833333333333333",77.9030532836914,65.36666666666666
"(342, 314)","(200, 306)","55.15,-3.3833333333333333","56.333333333333336,-3.45",141.80487060546875,127.26666666666667
"(200, 306)","(331, 175)","56.333333333333336,-3.45","55.24166666666667,-4.541666666666667",175.7703094482422,143.26666666666668
"(331, 175)","(290, 98)","55.24166666666667,-4.541666666666667","55.583333333333336,-5.183333333333334",inf,160.06666666666666
"(290, 98)","(387, 358)","55.583333333333336,-5.183333333333334","54.775,-3.0166666666666666",inf,251.71666666666667
"(387, 358)","(383, 36)","54.775,-3.0166666666666666","54.80833333333334,-5.7",inf,299.51666666666665
"(383, 36)","(355, 406)","54.80833333333334,-5.7","55.041666666666664,-2.6166666666666667",inf,304.8
"(355, 406)","(388, 512)","55.041666666666664,-2.6166666666666667","54.766666666666666,-1.7333333333333334",103.68319702148438,75.46666666666667
"(388, 512)","(414, 542)","54.766666666666666,-1.7333333333333334","54.55,-1.4833333333333334",41.331180572509766,42.416666666666664
"(414, 542)","(377, 349)","54.55,-1.4833333333333334","54.858333333333334,-3.091666666666667",166.77635192871094,107.71666666666667
"(377, 349)","(297, 507)","54.858333333333334,-3.091666666666667","55.525,-1.7750000000000004",184.279052734375,124.33333333333333
"(297, 507)","(495, 358)","55.525,-1.7750000000000004","53.875,-3.0166666666666666",254.9073944091797,207.2
"(495, 358)","(490, 402)","53.875,-3.0166666666666666","53.916666666666664,-2.65",45.54012680053711,41.766666666666666
"(490, 402)","(213, 363)","53.916666666666664,-2.65","56.225,-2.975",298.5100402832031,245.9
"(213, 363)","(494, 498)","56.225,-2.975","53.88333333333333,-1.8499999999999996",345.73504638671875,284.15
"(494, 498)","(138, 349)","53.88333333333333,-1.8499999999999996","56.85,-3.091666666666667",406.9083251953125,341.15
"(138, 349)","(280, 49)","56.85,-3.091666666666667","55.666666666666664,-5.591666666666667",349.9494323730469,280.05
"(280, 49)","(268, 308)","55.666666666666664,-5.591666666666667","55.766666666666666,-3.4333333333333336",273.5989685058594,233.08333333333334
"(268, 308)","(410, 363)","55.766666666666666,-3.4333333333333336","54.583333333333336,-2.975",157.63572692871094,131.68333333333334
"(410, 363)","(481, 379)","54.583333333333336,-2.975","53.99166666666667,-2.841666666666667",79.26228332519531,79.1
"(481, 379)","(157, 300)","53.99166666666667,-2.841666666666667","56.69166666666667,-3.5",313.04437255859375,263.71666666666664
"(157, 300)","(426, 11)","56.69166666666667,-3.5","54.45,-5.908333333333333",inf,386.78333333333336
"(426, 11)","(265, 297)","54.45,-5.908333333333333","55.791666666666664,-3.525",inf,326.73333333333335
"(265, 297)","(431, 596)","55.791666666666664,-3.525","54.40833333333333,-1.0333333333333332",318.6717224121094,233.15
"(431, 596)","(384, 374)","54.40833333333333,-1.0333333333333332","54.8,-2.8833333333333333",198.21267700195312,143.45
"(384, 374)","(431, 606)","54.8,-2.8833333333333333","54.40833333333333,-0.9500000000000002",206.6312255859375,138.96666666666667
"(431, 606)","(46, 434)","54.40833333333333,-0.9500000000000002","57.61666666666667,-2.3833333333333333",553.75390625,398.5
"(46, 434)","(77, 147)","57.61666666666667,-2.3833333333333333","57.358333333333334,-4.775",261.8258361816406,164.6
"(77, 147)","(438, 397)","57.358333333333334,-4.775","54.35,-2.691666666666667",448.134521484375,356.28333333333336
"(438, 397)","(476, 598)","54.35,-2.691666666666667","54.03333333333333,-1.0166666666666666",182.2443084716797,129.11666666666667
"(476, 598)","(240, 209)","54.03333333333333,-1.0166666666666666","56.0,-4.258333333333333",347.4741516113281,256.03333333333336
"(240, 209)","(279, 350)","56.0,-4.258333333333333","55.675,-3.0833333333333335",131.5382537841797,108.16666666666667
"(279, 350)","(447, 527)","55.675,-3.0833333333333335","54.275,-1.6083333333333334",229.0986328125,189.23333333333332
"(447, 527)","(40, 451)","54.275,-1.6083333333333334","57.666666666666664,-2.2416666666666667",520.3632202148438,384.5833333333333
"(40, 451)","(450, 193)","57.666666666666664,-2.2416666666666667","54.25,-4.391666666666667",inf,623.65
"(450, 193)","(151, 361)","54.25,-4.391666666666667","56.74166666666667,-2.9916666666666667",inf,523.3833333333333
"(151, 361)","(46, 266)","56.74166666666667,-2.9916666666666667","57.61666666666667,-3.783333333333333",193.47247314453125,180.3
"(46, 266)","(88, 238)","57.61666666666667,-3.783333333333333","57.266666666666666,-4.016666666666667",65.87548065185547,77.73333333333333
"(88, 238)","(256, 68)","57.266666666666666,-4.016666666666667","55.86666666666667,-5.433333333333334",281.7556457519531,262.35
"(256, 68)","(428, 3)","55.86666666666667,-5.433333333333334","54.43333333333334,-5.975",inf,412.5833333333333
"(428, 3)","(375, 361)","54.43333333333334,-5.975","54.875,-2.9916666666666667",inf,313.4166666666667
"(375, 361)","(52, 360)","54.875,-2.9916666666666667","57.56666666666667,-3.0",371.4845275878906,299.76666666666665
"(52, 360)","(44, 99)","57.56666666666667,-3.0","57.63333333333333,-5.175",256.2254638671875,143.75
"(44, 99)","(292, 277)","57.63333333333333,-5.175","55.56666666666667,-3.691666666666667",427.8573913574219,278.6
"(292, 277)","(207, 81)","55.56666666666667,-3.691666666666667","56.275,-5.325",193.01486206054688,191.48333333333332
"(207, 81)","(391, 520)","56.275,-5.325","54.74166666666667,-1.666666666666667",399.7853698730469,326.28333333333336
